Test,Failure (hr)
42,2.530833333
43,5.601111111
44,3.295277778
45,5.017777778
46,28.19916667
47,13.15472222
51,3.7675
53,13.24555556
54,13.95861111
55,5.943055556